{
  "main": {
    "id": "9c2b2f24b5d28e2f",
    "type": "split",
    "children": [
      {
        "id": "101a106f18c164f2",
        "type": "tabs",
        "children": [
          {
            "id": "b12ad8734db63891",
            "type": "leaf",
            "state": {
              "type": "canvas",
              "state": {
                "file": "IOT_server_files/IOT_server_flowchart.canvas",
                "viewState": {
                  "x": 791.0412999245489,
                  "y": 520.6016406459843,
                  "zoom": -1.0000000000000002
                }
              },
              "icon": "lucide-layout-dashboard",
              "title": "IOT_server_flowchart"
            }
          },
          {
            "id": "581cd63120963152",
            "type": "leaf",
            "state": {
              "type": "canvas",
              "state": {
                "file": "IOT_server_files/IOT_server_flowchart.canvas",
                "viewState": {
                  "x": 1574.3610764995537,
                  "y": 949.9990686386009,
                  "zoom": 1.1102230246251565e-16
                }
              },
              "icon": "lucide-layout-dashboard",
              "title": "IOT_server_flowchart"
            }
          }
        ],
        "currentTab": 1
      }
    ],
    "direction": "vertical"
  },
  "left": {
    "id": "26b70a0027cb9351",
    "type": "split",
    "children": [
      {
        "id": "1da4c6848201badd",
        "type": "tabs",
        "children": [
          {
            "id": "a62bb604bb9841c1",
            "type": "leaf",
            "state": {
              "type": "file-explorer",
              "state": {
                "sortOrder": "alphabetical",
                "autoReveal": false
              },
              "icon": "lucide-folder-closed",
              "title": "Files"
            }
          },
          {
            "id": "20ae4f646e952a44",
            "type": "leaf",
            "state": {
              "type": "search",
              "state": {
                "query": "",
                "matchingCase": false,
                "explainSearch": false,
                "collapseAll": false,
                "extraContext": false,
                "sortOrder": "alphabetical"
              },
              "icon": "lucide-search",
              "title": "Search"
            }
          },
          {
            "id": "09b6d6fe9a4d5a21",
            "type": "leaf",
            "state": {
              "type": "bookmarks",
              "state": {},
              "icon": "lucide-bookmark",
              "title": "Bookmarks"
            }
          }
        ]
      }
    ],
    "direction": "horizontal",
    "width": 300
  },
  "right": {
    "id": "7e466c9eb54f7b64",
    "type": "split",
    "children": [
      {
        "id": "1c591b13ddf8064b",
        "type": "tabs",
        "children": [
          {
            "id": "dd1bef2a87a7b01d",
            "type": "leaf",
            "state": {
              "type": "backlink",
              "state": {
                "file": "Untitled.canvas",
                "collapseAll": false,
                "extraContext": false,
                "sortOrder": "alphabetical",
                "showSearch": false,
                "searchQuery": "",
                "backlinkCollapsed": false,
                "unlinkedCollapsed": true
              },
              "icon": "links-coming-in",
              "title": "Backlinks for Untitled"
            }
          },
          {
            "id": "eb361530cb2df1f2",
            "type": "leaf",
            "state": {
              "type": "outgoing-link",
              "state": {
                "file": "Untitled.canvas",
                "linksCollapsed": false,
                "unlinkedCollapsed": true
              },
              "icon": "links-going-out",
              "title": "Outgoing links from Untitled"
            }
          },
          {
            "id": "5336cb1f68ab4b1d",
            "type": "leaf",
            "state": {
              "type": "tag",
              "state": {
                "sortOrder": "frequency",
                "useHierarchy": true,
                "showSearch": false,
                "searchQuery": ""
              },
              "icon": "lucide-tags",
              "title": "Tags"
            }
          },
          {
            "id": "afe8d039735f88f6",
            "type": "leaf",
            "state": {
              "type": "all-properties",
              "state": {
                "sortOrder": "frequency",
                "showSearch": false,
                "searchQuery": ""
              },
              "icon": "lucide-archive",
              "title": "All properties"
            }
          },
          {
            "id": "83981d39ab80c094",
            "type": "leaf",
            "state": {
              "type": "outline",
              "state": {
                "file": "Untitled.canvas",
                "followCursor": false,
                "showSearch": false,
                "searchQuery": ""
              },
              "icon": "lucide-list",
              "title": "Outline of Untitled"
            }
          }
        ]
      }
    ],
    "direction": "horizontal",
    "width": 300,
    "collapsed": true
  },
  "left-ribbon": {
    "hiddenItems": {
      "switcher:Open quick switcher": false,
      "graph:Open graph view": false,
      "canvas:Create new canvas": false,
      "daily-notes:Open today's daily note": false,
      "templates:Insert template": false,
      "command-palette:Open command palette": false,
      "bases:Create new base": false,
      "obsidian42-brat:BRAT": false
    }
  },
  "active": "581cd63120963152",
  "lastOpenFiles": [
    "IOT_mobile_app/casper_we_app/casper_we/build/c26a8eb5",
    "IOT_mobile_app/casper_we_app/casper_we/build/app/intermediates/compressed_assets/debug/compressDebugAssets/out/assets/flutter_assets/kernel_blob.bin.jar",
    "IOT_mobile_app/casper_we_app/casper_we/build/app/intermediates/cxx/debug/202d4e3z/logs/x86_64/generate_cxx_metadata_1094_timing.txt",
    "IOT_mobile_app/casper_we_app/casper_we/build/app/intermediates/cxx/debug/202d4e3z/logs/armeabi-v7a/generate_cxx_metadata_1094_timing.txt",
    "IOT_mobile_app/casper_we_app/casper_we/build/app/intermediates/cxx/debug/202d4e3z/logs/arm64-v8a/generate_cxx_metadata_1097_timing.txt",
    "IOT_mobile_app/casper_we_app/casper_we/build/app/intermediates/flutter/debug/flutter_assets/shaders/ink_sparkle.frag.spirv",
    "IOT_mobile_app/casper_we_app/casper_we/build/app/intermediates/flutter/debug/flutter_assets/shaders/stretch_effect.frag.spirv",
    "IOT_mobile_app/casper_we_app/casper_we/build/app/intermediates/flutter/debug/flutter_assets/b6ce1aa9",
    "IOT_mobile_app/casper_we_app/casper_we/build/app/intermediates/flutter/debug/flutter_assets/cb438c93",
    "IOT_mobile_app/casper_we_app/casper_we/build/5084eb45",
    "IOT_mobile_app/casper_we_app/casper_we/build/app/intermediates/cxx/debug/202d4e3z/logs/x86_64/generate_cxx_metadata_921_timing.txt",
    "IOT_mobile_app/casper_we_app/casper_we/build/app/intermediates/assets/debug/mergeDebugAssets/flutter_assets/assets/Casper-we.png",
    "IOT_mobile_app/casper_we_app/casper_we/build/app/intermediates/flutter/debug/flutter_assets/assets/Casper-we.png",
    "IOT_mobile_app/casper_we_app/casper_we/assets/Casper-we.png",
    "IOT_mobile_app/casper_we_app/casper_we/assets/Casper-we (background removed).png",
    "IOT_mobile_app/ui screens/Registration screen.png",
    "IOT_mobile_app/ui screens/Login screen .png",
    "IOT_mobile_app/ui screens/Gemini_Generated_Image_j7a7lmj7a7lmj7a7.png",
    "IOT_mobile_app/ui screens/Registration widget.png",
    "IOT_mobile_app/ui screens/Login widget .png",
    "IOT_mobile_app/ui screens/Gemini_Generated_Image_fxdxlafxdxlafxdx.png",
    "IOT_server_files/IOT_server_flowchart.canvas",
    "Untitled.canvas"
  ]
}